{
    "swagger": "2.0",
    "info": {
        "description": "This API developed using gin framework by Ahmad",
        "title": "Go lang API",
        "contact": {}
    },
    "host": "localhost:5000",
    "basePath": "/api",
    "paths": {
        "/admin/nurse": {
            "get": {
                "security": [
                    {
                        "BearerAuth": []
                    }
                ],
                "description": "Get all Nurses",
                "consumes": [
                    "application/json"
                ],
                "produces": [
                    "application/json"
                ],
                "summary": "Get all Nurses",
                "responses": {
                    "200": {
                        "description": "OK",
                        "schema": {
                            "type": "array",
                            "items": {
                                "$ref": "#/definitions/models.Nurse"
                            }
                        }
                    }
                }
            },
            "post": {
                "security": [
                    {
                        "BearerAuth": []
                    }
                ],
                "description": "Add New Nurse",
                "consumes": [
                    "application/json"
                ],
                "produces": [
                    "application/json"
                ],
                "summary": "Add New Nurse",
                "parameters": [
                    {
                        "description": "data",
                        "name": "role",
                        "in": "body",
                        "required": true,
                        "schema": {
                            "$ref": "#/definitions/models.Nurse"
                        }
                    }
                ],
                "responses": {
                    "200": {
                        "description": "OK",
                        "schema": {
                            "$ref": "#/definitions/models.Nurse"
                        }
                    }
                }
            }
        },
        "/admin/nurse/own": {
            "get": {
                "security": [
                    {
                        "BearerAuth": []
                    }
                ],
                "description": "Get Own Nurses",
                "consumes": [
                    "application/json"
                ],
                "produces": [
                    "application/json"
                ],
                "summary": "Get Own Nurses",
                "responses": {
                    "200": {
                        "description": "OK",
                        "schema": {
                            "type": "array",
                            "items": {
                                "$ref": "#/definitions/models.Nurse"
                            }
                        }
                    }
                }
            }
        },
        "/admin/nurse/{id}": {
            "get": {
                "security": [
                    {
                        "BearerAuth": []
                    }
                ],
                "description": "Get Nurse Details",
                "consumes": [
                    "application/json"
                ],
                "produces": [
                    "application/json"
                ],
                "summary": "Get Nurse Details",
                "parameters": [
                    {
                        "type": "integer",
                        "description": "ID",
                        "name": "id",
                        "in": "path",
                        "required": true
                    }
                ],
                "responses": {
                    "200": {
                        "description": "OK",
                        "schema": {
                            "$ref": "#/definitions/models.Nurse"
                        }
                    },
                    "400": {
                        "description": "400 StatusBadRequest",
                        "schema": {
                            "type": "string"
                        }
                    },
                    "404": {
                        "description": "404 not found",
                        "schema": {
                            "type": "string"
                        }
                    }
                }
            },
            "put": {
                "security": [
                    {
                        "BearerAuth": []
                    }
                ],
                "description": "Update Nurse",
                "consumes": [
                    "application/json"
                ],
                "produces": [
                    "application/json"
                ],
                "summary": "Update Nurse",
                "parameters": [
                    {
                        "description": "data",
                        "name": "role",
                        "in": "body",
                        "required": true,
                        "schema": {
                            "$ref": "#/definitions/models.Nurse"
                        }
                    },
                    {
                        "type": "integer",
                        "description": "ID",
                        "name": "id",
                        "in": "path",
                        "required": true
                    }
                ],
                "responses": {
                    "200": {
                        "description": "OK",
                        "schema": {
                            "$ref": "#/definitions/models.Nurse"
                        }
                    },
                    "400": {
                        "description": "400 StatusBadRequest",
                        "schema": {
                            "type": "string"
                        }
                    },
                    "404": {
                        "description": "404 not found",
                        "schema": {
                            "type": "string"
                        }
                    }
                }
            },
            "delete": {
                "security": [
                    {
                        "BearerAuth": []
                    }
                ],
                "description": "Delete Nurse",
                "consumes": [
                    "application/json"
                ],
                "produces": [
                    "application/json"
                ],
                "summary": "Delete Nurse",
                "parameters": [
                    {
                        "type": "integer",
                        "description": "ID",
                        "name": "id",
                        "in": "path",
                        "required": true
                    }
                ],
                "responses": {
                    "204": {
                        "description": "No Content"
                    },
                    "400": {
                        "description": "400 StatusBadRequest",
                        "schema": {
                            "type": "string"
                        }
                    },
                    "404": {
                        "description": "404 not found",
                        "schema": {
                            "type": "string"
                        }
                    }
                }
            }
        },
        "/login": {
            "post": {
                "description": "Admin Login",
                "consumes": [
                    "application/json"
                ],
                "produces": [
                    "application/json"
                ],
                "summary": "Admin Login",
                "parameters": [
                    {
                        "description": "Login Request",
                        "name": "Login",
                        "in": "body",
                        "required": true,
                        "schema": {
                            "$ref": "#/definitions/models.AdminLogin"
                        }
                    }
                ],
                "responses": {
                    "200": {
                        "description": "OK",
                        "schema": {
                            "$ref": "#/definitions/models.AdminLogin"
                        }
                    }
                }
            }
        },
        "/nurse/login": {
            "post": {
                "description": "Login Nurses",
                "consumes": [
                    "application/json"
                ],
                "produces": [
                    "application/json"
                ],
                "summary": "Nurse Login",
                "parameters": [
                    {
                        "description": "data",
                        "name": "role",
                        "in": "body",
                        "required": true,
                        "schema": {
                            "$ref": "#/definitions/models.NurseLogin"
                        }
                    }
                ],
                "responses": {
                    "200": {
                        "description": "OK",
                        "schema": {
                            "$ref": "#/definitions/models.NurseLogin"
                        }
                    }
                }
            }
        },
        "/nurse/profile": {
            "get": {
                "security": [
                    {
                        "BearerAuth": []
                    }
                ],
                "description": "Nurse profile details",
                "consumes": [
                    "application/json"
                ],
                "produces": [
                    "application/json"
                ],
                "summary": "Get Profile details",
                "responses": {
                    "200": {
                        "description": "OK",
                        "schema": {
                            "$ref": "#/definitions/models.Nurse"
                        }
                    },
                    "400": {
                        "description": "400 StatusBadRequest",
                        "schema": {
                            "type": "string"
                        }
                    },
                    "404": {
                        "description": "404 not found",
                        "schema": {
                            "type": "string"
                        }
                    }
                }
            },
            "post": {
                "security": [
                    {
                        "BearerAuth": []
                    }
                ],
                "description": "Update Nurse profile",
                "consumes": [
                    "application/json"
                ],
                "produces": [
                    "application/json"
                ],
                "summary": "Update Nurse profile",
                "parameters": [
                    {
                        "description": "Update Profile",
                        "name": "role",
                        "in": "body",
                        "required": true,
                        "schema": {
                            "$ref": "#/definitions/models.Nurse"
                        }
                    }
                ],
                "responses": {
                    "200": {
                        "description": "OK",
                        "schema": {
                            "$ref": "#/definitions/models.Nurse"
                        }
                    },
                    "400": {
                        "description": "400 StatusBadRequest",
                        "schema": {
                            "type": "string"
                        }
                    },
                    "404": {
                        "description": "404 not found",
                        "schema": {
                            "type": "string"
                        }
                    }
                }
            }
        }
    },
    "definitions": {
        "gorm.DeletedAt": {
            "type": "object",
            "properties": {
                "time": {
                    "type": "string"
                },
                "valid": {
                    "description": "Valid is true if Time is not NULL",
                    "type": "boolean"
                }
            }
        },
        "models.Admin": {
            "type": "object",
            "required": [
                "email",
                "password",
                "username"
            ],
            "properties": {
                "createdAt": {
                    "type": "string"
                },
                "deletedAt": {
                    "$ref": "#/definitions/gorm.DeletedAt"
                },
                "email": {
                    "type": "string"
                },
                "id": {
                    "type": "integer"
                },
                "password": {
                    "type": "string"
                },
                "updatedAt": {
                    "type": "string"
                },
                "username": {
                    "type": "string"
                }
            }
        },
        "models.AdminLogin": {
            "type": "object",
            "required": [
                "password",
                "username"
            ],
            "properties": {
                "password": {
                    "type": "string"
                },
                "username": {
                    "type": "string"
                }
            }
        },
        "models.Nurse": {
            "type": "object",
            "required": [
                "email",
                "name",
                "password",
                "username"
            ],
            "properties": {
                "address": {
                    "type": "string"
                },
                "admin": {
                    "$ref": "#/definitions/models.Admin"
                },
                "createdAt": {
                    "type": "string"
                },
                "deletedAt": {
                    "$ref": "#/definitions/gorm.DeletedAt"
                },
                "email": {
                    "type": "string"
                },
                "id": {
                    "type": "integer"
                },
                "name": {
                    "type": "string"
                },
                "password": {
                    "type": "string"
                },
                "phone": {
                    "type": "string"
                },
                "updatedAt": {
                    "type": "string"
                },
                "username": {
                    "type": "string"
                }
            }
        },
        "models.NurseLogin": {
            "type": "object",
            "required": [
                "password",
                "username"
            ],
            "properties": {
                "password": {
                    "type": "string"
                },
                "username": {
                    "type": "string"
                }
            }
        }
    },
    "securityDefinitions": {
        "BearerAuth": {
            "type": "apiKey",
            "name": "Authorization",
            "in": "header"
        }
    }
}